"state_name","species_code","common_name","scientific_name","percent_pop_breeding","percent_pop_postbreeding_migration","percent_pop_nonbreeding","percent_pop_prebreeding_migration","max_week_season","max_week","max_week_percent_pop","state_rank_breeding","breeding_habitat_primary","breeding_habitat_secondary"
"Alabama","acafly","Acadian Flycatcher","Empidonax virescens",5.55,11.08,0,7.29,"postbreeding_migration","10-04",24.76,"9 of 32","Forests:  Temperate Eastern",NA
"Alabama","ambduc","American Black Duck","Anas rubripes",0,0,0.01,0,"nonbreeding","12-20",0.03035,NA,"Wetlands:  Boreal","Coasts:  Saltmarsh"
"Alabama","ameavo","American Avocet","Recurvirostra americana",0,0,0.02,0.01,"prebreeding_migration","02-15",0.04472,NA,"Wetlands:  Freshwater Marsh",NA
"Alabama","amebit","American Bittern","Botaurus lentiginosus",0,0.02,0.04,0.01,"prebreeding_migration","04-05",0.235,NA,"Wetlands:  Freshwater Marsh",NA
"Alabama","amecro","American Crow","Corvus brachyrhynchos",2.24,2,2.23,1.63,"prebreeding_migration","02-08",2.418,"10 of 49","Open Country:  Habitat Mosaic","Open Country:  Developed/Disturbed"
"Alabama","amegfi","American Goldfinch","Spinus tristis",0.51,0.85,2.64,1.32,"nonbreeding","02-08",3.735,"35 of 45","Open Country:  Habitat Mosaic",NA
"Alabama","amekes","American Kestrel","Falco sparverius",0.04,0.22,0.47,0.08,"nonbreeding","01-04",0.546,"34 of 44","Open Country:  Habitat Mosaic",NA
"Alabama","ameoys","American Oystercatcher","Haematopus palliatus",0.14,0.09,0.1,0.11,"breeding","05-31",0.1909,"14 of 17","Coasts:  Beach and Estuary",NA
"Alabama","amepip","American Pipit","Anthus rubescens",0,0.05,0.99,0.03,"nonbreeding","12-27",1.715,NA,"Tundra:  Alpine","Tundra:  Arctic"
"Alabama","amered","American Redstart","Setophaga ruticilla",0.1,1.44,0,0.42,"postbreeding_migration","09-27",6.502,"27 of 36","Forests:  Temperate Generalist",NA
"Alabama","amerob","American Robin","Turdus migratorius",0.13,0.72,3.03,1.05,"prebreeding_migration","02-08",4.64,"43 of 48","Forests:  Temperate Generalist",NA
"Alabama","amewig","American Wigeon","Mareca americana",0,0.01,0.07,0.01,"prebreeding_migration","01-25",0.08586,NA,"Wetlands:  Seasonally Wet Grasslands","Wetlands:  Freshwater Marsh"
"Alabama","amewoo","American Woodcock","Scolopax minor",0,0.44,10.3,0.8,"prebreeding_migration","02-08",18.56,NA,"Forests:  Temperate Eastern","Forests:  Boreal"
"Alabama","amwpel","American White Pelican","Pelecanus erythrorhynchos",0.05,0.76,1.33,0.52,"postbreeding_migration","11-08",2.001,"27 of 32","Wetlands:  Lakes and Rivers",NA
"Alabama","anhing","Anhinga","Anhinga anhinga",0.18,0.17,0.04,0.07,"breeding","06-28",0.3174,"9 of 10","Wetlands:  Generalist",NA
"Alabama","babwar","Bay-breasted Warbler","Setophaga castanea",0,0.62,0,0.58,"prebreeding_migration","05-03",8.157,NA,"Forests:  Boreal",NA
"Alabama","bacspa","Bachman's Sparrow","Peucaea aestivalis",3.39,3.39,3.39,3.39,"resident","year round resident",NA,"6 of 10","Forests:  Temperate Eastern",NA
"Alabama","baleag","Bald Eagle","Haliaeetus leucocephalus",0.04,0.1,0.18,0.1,"nonbreeding","01-11",0.2256,"36 of 47","Wetlands:  Generalist","Coasts:  Beach and Estuary"
"Alabama","balori","Baltimore Oriole","Icterus galbula",0,0.07,0,0.28,"prebreeding_migration","04-26",2.956,NA,"Forests:  Temperate Eastern",NA
"Alabama","barswa","Barn Swallow","Hirundo rustica",0.17,0.02,0,0.04,"breeding","06-21",0.2001,"26 of 49","Open Country Aerial:  Habitat Mosaic",NA
"Alabama","bawwar","Black-and-white Warbler","Mniotilta varia",0.51,1.34,0.07,1.21,"postbreeding_migration","10-04",3.86,"20 of 35","Forests:  Temperate Eastern","Forests:  Boreal"
"Alabama","bbwduc","Black-bellied Whistling-Duck","Dendrocygna autumnalis",0.02,0.01,0,0.01,"postbreeding_migration","08-16",0.04411,"9 of 9","Wetlands:  Generalist",NA
"Alabama","bcnher","Black-crowned Night Heron","Nycticorax nycticorax",0.01,0.01,0,0,"postbreeding_migration","09-20",0.01297,"33 of 33","Wetlands:  Generalist","Coasts:  Saltmarsh"
"Alabama","belkin1","Belted Kingfisher","Megaceryle alcyon",0.78,1.78,3.54,1.63,"prebreeding_migration","03-08",5.045,"19 of 48","Wetlands:  Generalist",NA
"Alabama","bkbcuc","Black-billed Cuckoo","Coccyzus erythropthalmus",0,0.29,0,0.04,"prebreeding_migration","04-19",18.17,NA,"Forests:  Temperate Eastern",NA
"Alabama","bkbplo","Black-bellied Plover","Pluvialis squatarola",0.09,0.08,0.14,0.03,"nonbreeding","02-15",0.2742,"11 of 17","Wetlands:  Tundra","Tundra:  Arctic"
"Alabama","bkbwar","Blackburnian Warbler","Setophaga fusca",0,0.62,0,0.16,"postbreeding_migration","10-04",3.964,NA,"Forests:  Boreal","Forests:  Temperate Eastern"
"Alabama","bkpwar","Blackpoll Warbler","Setophaga striata",0,0,0,0.18,"prebreeding_migration","05-03",5.831,NA,"Forests:  Boreal",NA
"Alabama","blksco2","Black Scoter","Melanitta americana",0,0.04,0.01,0,"postbreeding_migration","11-15",0.1756,NA,"Wetlands:  Tundra",NA
"Alabama","blkski","Black Skimmer","Rynchops niger",2.11,0.6,0.01,0.94,"breeding","07-26",2.844,"6 of 15","Coasts:  Beach and Estuary","Coasts:  Saltmarsh"
"Alabama","blkter","Black Tern","Chlidonias niger",0.11,0.57,0,0.02,"postbreeding_migration","08-16",1.688,"12 of 23","Wetlands:  Freshwater Marsh",NA
"Alabama","blkvul","Black Vulture","Coragyps atratus",0.3,0.3,0.3,0.3,"resident","year round resident",NA,"7 of 25","Open Country:  Habitat Mosaic","Open Country:  Developed/Disturbed"
"Alabama","blugrb1","Blue Grosbeak","Passerina caerulea",2.59,2.88,0,2.49,"prebreeding_migration","04-19",5.344,"8 of 35","Forests:  Temperate Eastern","Aridlands:  Desert Riparian"
"Alabama","blujay","Blue Jay","Cyanocitta cristata",2.79,2.43,2.09,2.55,"prebreeding_migration","04-12",3.356,"13 of 40","Forests:  Temperate Eastern",NA
"Alabama","bnhcow","Brown-headed Cowbird","Molothrus ater",0.71,0.77,0.95,1.04,"prebreeding_migration","03-29",1.663,"33 of 48","Open Country:  Habitat Mosaic",NA
"Alabama","bnhnut","Brown-headed Nuthatch","Sitta pusilla",13.72,13.72,13.72,13.72,"resident","year round resident",NA,"3 of 14","Forests:  Temperate Eastern",NA
"Alabama","boboli","Bobolink","Dolichonyx oryzivorus",0,0,0,0.74,"prebreeding_migration","04-26",3.253,NA,"Grasslands:  Temperate",NA
"Alabama","bongul","Bonaparte's Gull","Chroicocephalus philadelphia",0,0.43,6.12,0.5,"prebreeding_migration","03-22",9.019,NA,"Wetlands:  Boreal",NA
"Alabama","botgra","Boat-tailed Grackle","Quiscalus major",0.15,0.15,0.15,0.15,"resident","year round resident",NA,"10 of 13","Coasts:  Saltmarsh","Wetlands:  Freshwater Marsh"
"Alabama","brdowl","Barred Owl","Strix varia",2.46,2.46,2.46,2.46,"resident","year round resident",NA,"14 of 42","Forests:  Temperate Eastern","Forests:  Temperate Western"
"Alabama","brebla","Brewer's Blackbird","Euphagus cyanocephalus",0,0,0.03,0,"nonbreeding","01-11",0.05477,NA,"Open Country:  Habitat Mosaic",NA
"Alabama","brncre","Brown Creeper","Certhia americana",0,0.54,1.06,0.13,"nonbreeding","12-27",1.446,NA,"Forests:  Temperate Generalist",NA
"Alabama","brnpel","Brown Pelican","Pelecanus occidentalis",1.98,2.45,0.76,0.84,"postbreeding_migration","08-30",4.86,"5 of 15","Coasts:  Beach and Estuary","Coasts:  Marine Waters"
"Alabama","brnthr","Brown Thrasher","Toxostoma rufum",3.3,9.99,13.63,5.23,"postbreeding_migration","10-25",15.89,"8 of 39","Forests:  Temperate Eastern",NA
"Alabama","brwhaw","Broad-winged Hawk","Buteo platypterus",1.82,0.06,0,0.51,"breeding","07-26",2.266,"8 of 33","Forests:  Boreal","Forests:  Temperate Eastern"
"Alabama","btbwar","Black-throated Blue Warbler","Setophaga caerulescens",0,0,0,0.01,"prebreeding_migration","04-26",0.1611,NA,"Forests:  Boreal","Forests:  Temperate Eastern"
"Alabama","btnwar","Black-throated Green Warbler","Setophaga virens",0.05,1.09,0,0.79,"postbreeding_migration","10-18",9.767,"19 of 24","Forests:  Boreal","Forests:  Temperate Eastern"
"Alabama","bubsan","Buff-breasted Sandpiper","Calidris subruficollis",0,0.03,0,0,"postbreeding_migration","09-06",0.1036,NA,"Tundra:  Arctic",NA
"Alabama","buffle","Bufflehead","Bucephala albeola",0,0.12,0.63,0.11,"nonbreeding","01-25",0.7085,NA,"Wetlands:  Forested","Wetlands:  Lakes and Rivers"
"Alabama","buggna","Blue-gray Gnatcatcher","Polioptila caerulea",3.78,2.13,0.2,3.32,"prebreeding_migration","04-05",5.464,"9 of 44","Forests:  Generalist",NA
"Alabama","buhvir","Blue-headed Vireo","Vireo solitarius",0.07,2.53,8.97,1.74,"unidentified","03-08",12.21,"19 of 22","Forests:  Boreal","Forests:  Temperate Eastern"
"Alabama","buwtea","Blue-winged Teal","Spatula discors",0,0.08,0,0.17,"prebreeding_migration","03-29",0.5509,NA,"Wetlands:  Seasonally Wet Grasslands","Wetlands:  Freshwater Marsh"
"Alabama","buwwar","Blue-winged Warbler","Vermivora cyanoptera",0.23,4.2,0,1.4,"postbreeding_migration","09-20",14.16,"21 of 26","Forests:  Temperate Eastern",NA
"Alabama","camwar","Cape May Warbler","Setophaga tigrina",0,0.01,0,0.13,"prebreeding_migration","04-26",2.973,NA,"Forests:  Boreal",NA
"Alabama","cangoo","Canada Goose","Branta canadensis",0.36,0.12,0.26,0.09,"breeding","07-19",0.6533,"30 of 49","Wetlands:  Generalist",NA
"Alabama","canvas","Canvasback","Aythya valisineria",0,0.05,0.59,0.03,"nonbreeding","12-27",0.7763,NA,"Wetlands:  Seasonally Wet Grasslands","Wetlands:  Freshwater Marsh"
"Alabama","canwar","Canada Warbler","Cardellina canadensis",0,0.38,0,0.08,"postbreeding_migration","09-13",2.458,NA,"Forests:  Boreal","Forests:  Temperate Eastern"
"Alabama","carchi","Carolina Chickadee","Poecile carolinensis",5.57,5.57,5.57,5.57,"resident","year round resident",NA,"9 of 23","Forests:  Temperate Eastern",NA
"Alabama","carwre","Carolina Wren","Thryothorus ludovicianus",7.29,7.29,7.29,7.29,"resident","year round resident",NA,"4 of 33","Forests:  Temperate Eastern",NA
"Alabama","caster1","Caspian Tern","Hydroprogne caspia",0.72,0.64,0.05,0.3,"postbreeding_migration","09-06",1.986,"11 of 33","Wetlands:  Lakes and Rivers",NA
"Alabama","categr","Western/Eastern Cattle Egret","Bubulcus ibis/coromandus",0.23,0.09,0,0.03,"breeding","07-26",0.4357,"8 of 15","Grasslands:  Temperate","Grasslands:  Temperate"
"Alabama","cedwax","Cedar Waxwing","Bombycilla cedrorum",0,1.99,6.53,1.99,"nonbreeding","01-25",7.043,NA,"Forests:  Temperate Generalist",NA
"Alabama","cerwar","Cerulean Warbler","Setophaga cerulea",0.11,1.05,0,0.97,"postbreeding_migration","08-23",5.243,"19 of 22","Forests:  Temperate Eastern",NA
"Alabama","chispa","Chipping Sparrow","Spizella passerina",0.67,1.58,5.89,1.52,"nonbreeding","01-25",6.759,"32 of 48","Forests:  Temperate Generalist",NA
"Alabama","chiswi","Chimney Swift","Chaetura pelagica",5.22,8.57,0,6.06,"postbreeding_migration","10-11",16.15,"6 of 41","Open Country Aerial:  Developed/Disturbed","Open Country Aerial:  Habitat Mosaic"
"Alabama","chswar","Chestnut-sided Warbler","Setophaga pensylvanica",0,2.98,0,0.19,"postbreeding_migration","09-27",10.38,NA,"Forests:  Boreal","Forests:  Temperate Eastern"
"Alabama","chwwid","Chuck-will's-widow","Antrostomus carolinensis",9.59,1.13,0,7.54,"breeding","06-14",13.06,"4 of 25","Forests:  Temperate Eastern",NA
"Alabama","clarai11","Clapper Rail","Rallus crepitans",2.06,1.51,1.09,1.83,"breeding","07-12",2.989,"11 of 15","Coasts:  Saltmarsh",NA
"Alabama","cliswa","Cliff Swallow","Petrochelidon pyrrhonota",0.52,0.13,0,0.28,"prebreeding_migration","04-05",0.6918,"28 of 42","Open Country Aerial:  Habitat Mosaic",NA
"Alabama","cogdov","Common Ground Dove","Columbina passerina",0.09,0,0.02,0,"breeding","08-30",0.1061,"6 of 8","Aridlands:  Desert Scrub","Forests:  Tropical Dry"
"Alabama","comgal1","Common Gallinule","Gallinula galeata",0.05,0.03,0.01,0.03,"breeding","06-21",0.06318,"10 of 16","Wetlands:  Freshwater Marsh",NA
"Alabama","comgol","Common Goldeneye","Bucephala clangula",0,0.01,0.06,0,"nonbreeding","01-04",0.07733,NA,"Wetlands:  Forested","Wetlands:  Lakes and Rivers"
"Alabama","comgra","Common Grackle","Quiscalus quiscula",0.65,1.37,3.13,1.25,"nonbreeding","01-04",3.82,"32 of 42","Open Country:  Habitat Mosaic",NA
"Alabama","comloo","Common Loon","Gavia immer",0,0.2,2.47,0.17,"prebreeding_migration","03-22",2.952,NA,"Wetlands:  Lakes and Rivers",NA
"Alabama","comnig","Common Nighthawk","Chordeiles minor",0.03,0.19,0,0.13,"prebreeding_migration","05-03",1.16,"33 of 38","Open Country Aerial:  Habitat Mosaic",NA
"Alabama","comter","Common Tern","Sterna hirundo",0.02,0.01,0,0.02,"postbreeding_migration","09-20",0.1251,"14 of 22","Coasts:  Beach and Estuary","Wetlands:  Lakes and Rivers"
"Alabama","comyel","Common Yellowthroat","Geothlypis trichas",1.02,1.62,1.88,2.75,"prebreeding_migration","03-22",6.888,"24 of 49","Open Country:  Habitat Mosaic","Wetlands:  Freshwater Marsh"
"Alabama","coohaw","Cooper's Hawk","Accipiter cooperii",0.38,0.57,0.87,0.33,"postbreeding_migration","11-22",1.621,"39 of 49","Forests:  Temperate Generalist",NA
"Alabama","daejun","Dark-eyed Junco","Junco hyemalis",0,0.15,0.45,0.11,"nonbreeding","12-27",0.5124,NA,"Forests:  Temperate Generalist",NA
"Alabama","dickci","Dickcissel","Spiza americana",0.11,0.01,0,0.14,"prebreeding_migration","05-17",0.223,"23 of 28","Grasslands:  Temperate",NA
"Alabama","doccor","Double-crested Cormorant","Nannopterum auritum",0.46,0.97,3.76,1.95,"nonbreeding","01-04",4.96,"25 of 48","Wetlands:  Generalist","Coasts:  Beach and Estuary"
"Alabama","dowwoo","Downy Woodpecker","Dryobates pubescens",2.48,2.48,2.48,2.48,"resident","year round resident",NA,"19 of 50","Forests:  Temperate Generalist",NA
"Alabama","dunlin","Dunlin","Calidris alpina",0,0.02,0.21,0.04,"nonbreeding","02-15",0.4851,NA,"Wetlands:  Tundra","Coasts:  Tundra"
"Alabama","easblu","Eastern Bluebird","Sialia sialis",5.68,5.29,5.71,6.04,"prebreeding_migration","03-01",6.404,"4 of 41","Forests:  Temperate Eastern","Forests:  Mesoamerican Pine-Oak"
"Alabama","easkin","Eastern Kingbird","Tyrannus tyrannus",1.6,0.99,0,2.06,"prebreeding_migration","05-03",3.238,"17 of 45","Open Country:  Habitat Mosaic","Grasslands:  Temperate"
"Alabama","easmea","Eastern Meadowlark","Sturnella magna",1.35,1.21,1.99,1.59,"nonbreeding","12-13",2.408,"18 of 31","Grasslands:  Temperate","Grasslands:  Tropical"
"Alabama","easowl1","Eastern Screech-Owl","Megascops asio",3.1,3.1,3.1,3.1,"resident","year round resident",NA,"10 of 39","Forests:  Temperate Eastern",NA
"Alabama","easpho","Eastern Phoebe","Sayornis phoebe",3.33,7.27,8.1,4.73,"prebreeding_migration","02-22",9.56,"8 of 38","Open Country:  Habitat Mosaic","Forests:  Temperate Eastern"
"Alabama","eastow","Eastern Towhee","Pipilo erythrophthalmus",6.43,8.86,11.22,6.68,"nonbreeding","01-11",12.14,"4 of 36","Forests:  Temperate Eastern",NA
"Alabama","easwpw1","Eastern Whip-poor-will","Antrostomus vociferus",0.24,0,0,2.53,"prebreeding_migration","03-29",17.37,"25 of 32","Forests:  Temperate Eastern",NA
"Alabama","eawpew","Eastern Wood-Pewee","Contopus virens",2.54,3.35,0,2.34,"postbreeding_migration","10-04",7.764,"19 of 37","Forests:  Temperate Eastern",NA
"Alabama","eursta","European Starling","Sturnus vulgaris",0.07,0.07,0.15,0.08,"nonbreeding","12-27",0.2249,"37 of 48","Open Country:  Developed/Disturbed",NA
"Alabama","fiespa","Field Sparrow","Spizella pusilla",2.05,3.04,4.44,2.75,"nonbreeding","11-29",6.813,"21 of 39","Open Country:  Habitat Mosaic","Forests:  Temperate Eastern"
"Alabama","fiscro","Fish Crow","Corvus ossifragus",5.46,0,6.79,0,"nonbreeding","12-06",9.55,"9 of 30","Open Country:  Habitat Mosaic","Wetlands:  Generalist"
"Alabama","forter","Forster's Tern","Sterna forsteri",0.42,1.45,0.62,0.63,"postbreeding_migration","09-13",3.251,"22 of 36","Wetlands:  Freshwater Marsh",NA
"Alabama","foxspa","Fox Sparrow","Passerella iliaca",0,0.28,1.75,0.04,"nonbreeding","01-11",2.775,NA,"Forests:  Boreal","Forests:  Temperate Western"
"Alabama","gadwal","Gadwall","Mareca strepera",0,0.16,0.48,0.14,"postbreeding_migration","12-13",0.6579,NA,"Wetlands:  Seasonally Wet Grasslands","Wetlands:  Freshwater Marsh"
"Alabama","gnwtea","Green-winged Teal","Anas crecca",0,0,0.01,0,"nonbreeding","12-27",0.02088,NA,"Wetlands:  Generalist",NA
"Alabama","gockin","Golden-crowned Kinglet","Regulus satrapa",0,1,3.36,0.69,"nonbreeding","01-25",4.079,NA,"Forests:  Boreal","Forests:  Temperate Western"
"Alabama","gowwar","Golden-winged Warbler","Vermivora chrysoptera",0,1.89,0,0.01,"postbreeding_migration","10-04",16,NA,"Forests:  Temperate Eastern",NA
"Alabama","graspa","Grasshopper Sparrow","Ammodramus savannarum",0.04,0.03,0.01,0.06,"prebreeding_migration","05-03",0.127,"37 of 40","Grasslands:  Temperate",NA
"Alabama","grbher3","Great Blue Heron","Ardea herodias",1.76,1.74,2.6,2.09,"postbreeding_migration","11-22",2.782,"19 of 49","Wetlands:  Generalist","Coasts:  Saltmarsh"
"Alabama","grcfly","Great Crested Flycatcher","Myiarchus crinitus",3.79,3.65,0,5.75,"prebreeding_migration","04-12",11.74,"9 of 39","Forests:  Temperate Eastern",NA
"Alabama","greegr","Great Egret","Ardea alba",0.42,0.24,0.15,0.21,"breeding","08-23",0.6647,"8 of 38","Wetlands:  Generalist","Coasts:  Saltmarsh"
"Alabama","gresca","Greater Scaup","Aythya marila",0,0.01,0.03,0.01,"prebreeding_migration","02-08",0.06873,NA,"Wetlands:  Tundra",NA
"Alabama","greyel","Greater Yellowlegs","Tringa melanoleuca",0,0.03,0.14,0.14,"prebreeding_migration","04-05",0.5272,NA,"Wetlands:  Boreal",NA
"Alabama","grhowl","Great Horned Owl","Bubo virginianus",0.26,0.26,0.26,0.26,"resident","year round resident",NA,"32 of 49","Open Country:  Habitat Mosaic",NA
"Alabama","grnher","Green Heron","Butorides virescens",1.51,0.51,0,0.76,"breeding","07-19",1.933,"15 of 42","Wetlands:  Freshwater Marsh",NA
"Alabama","grycat","Gray Catbird","Dumetella carolinensis",0.17,1.66,1.31,1.06,"postbreeding_migration","10-11",7.002,"37 of 46","Forests:  Temperate Eastern","Forests:  Temperate Western"
"Alabama","gubter1","Gull-billed/Australian Tern","Gelochelidon nilotica/macrotarsa",0.17,0,0,0.15,"prebreeding_migration","05-17",0.4611,"5 of 11","Coasts:  Beach and Estuary","Coasts:  Beach and Estuary"
"Alabama","gycthr","Gray-cheeked Thrush","Catharus minimus",0,4.3,0,0.03,"postbreeding_migration","10-11",23.02,NA,"Forests:  Boreal",NA
"Alabama","haiwoo","Hairy Woodpecker","Dryobates villosus",0.58,0.58,0.58,0.58,"resident","year round resident",NA,"35 of 49","Forests:  Generalist",NA
"Alabama","henspa","Henslow's Sparrow","Centronyx henslowii",0,0,2.47,0.12,"nonbreeding","12-13",5.865,NA,"Grasslands:  Temperate",NA
"Alabama","hergul","Herring Gull","Larus argentatus",0,0,0.05,0.01,"nonbreeding","01-11",0.07302,NA,"Coasts:  Beach and Estuary","Wetlands:  Lakes and Rivers"
"Alabama","herthr","Hermit Thrush","Catharus guttatus",0,1.94,4.85,0.44,"prebreeding_migration","03-29",5.462,NA,"Forests:  Temperate Generalist",NA
"Alabama","hoomer","Hooded Merganser","Lophodytes cucullatus",0,0.65,3.02,0.4,"nonbreeding","12-27",4.427,NA,"Wetlands:  Forested","Wetlands:  Lakes and Rivers"
"Alabama","hoowar","Hooded Warbler","Setophaga citrina",9.31,9.69,0,11.66,"prebreeding_migration","04-05",18.82,"3 of 27","Forests:  Temperate Eastern",NA
"Alabama","horgre","Horned Grebe","Podiceps auritus",0,0.33,1.43,0.15,"nonbreeding","02-01",2.081,NA,"Wetlands:  Freshwater Marsh",NA
"Alabama","horlar","Horned Lark","Eremophila alpestris",0,0,0.01,0,"nonbreeding","01-11",0.02491,NA,"Grasslands:  Temperate","Tundra:  Arctic"
"Alabama","houfin","House Finch","Haemorhous mexicanus",0.29,0.29,0.29,0.29,"resident","year round resident",NA,"26 of 49","Open Country:  Habitat Mosaic","Aridlands:  Desert Scrub"
"Alabama","houwre","House Wren","Troglodytes aedon",0,0.25,0.25,0.08,"postbreeding_migration","10-25",0.5278,NA,"Forests:  Generalist","Open Country:  Developed/Disturbed"
"Alabama","indbun","Indigo Bunting","Passerina cyanea",3.91,5.18,0,4.49,"postbreeding_migration","10-11",7.567,"9 of 40","Forests:  Temperate Eastern",NA
"Alabama","kenwar","Kentucky Warbler","Geothlypis formosa",7.78,5.46,0,10.5,"prebreeding_migration","04-12",23.56,"6 of 26","Forests:  Temperate Eastern",NA
"Alabama","killde","Killdeer","Charadrius vociferus",0.41,1.08,3.87,1.47,"nonbreeding","01-18",4.326,"37 of 48","Open Country:  Habitat Mosaic","Wetlands:  Generalist"
"Alabama","kinrai4","King Rail","Rallus elegans",1.09,0.03,0.41,2.37,"nonbreeding","03-29",2.796,"5 of 17","Wetlands:  Freshwater Marsh",NA
"Alabama","larspa","Lark Sparrow","Chondestes grammacus",0.02,0,0,0.01,"breeding","06-14",0.02663,"26 of 29","Open Country:  Habitat Mosaic",NA
"Alabama","laugul","Laughing Gull","Leucophaeus atricilla",2.32,1.92,0.95,1.4,"postbreeding_migration","07-19",4.412,"6 of 19","Coasts:  Beach and Estuary","Coasts:  Marine Waters"
"Alabama","leabit","Least Bittern","Ixobrychus exilis",0.97,0.2,0,0.96,"prebreeding_migration","05-31",1.357,"10 of 35","Wetlands:  Freshwater Marsh",NA
"Alabama","leafly","Least Flycatcher","Empidonax minimus",0,0.11,0,0,"postbreeding_migration","09-27",1.271,NA,"Forests:  Temperate Eastern","Forests:  Temperate Western"
"Alabama","leasan","Least Sandpiper","Calidris minutilla",0,0.11,0.11,0.12,"prebreeding_migration","05-03",0.4049,NA,"Wetlands:  Tundra",NA
"Alabama","leater1","Least Tern","Sternula antillarum",2.06,2.17,0,2.26,"postbreeding_migration","07-26",3.189,"7 of 31","Coasts:  Beach and Estuary","Wetlands:  Lakes and Rivers"
"Alabama","lecspa","LeConte's Sparrow","Ammospiza leconteii",0,0,0.02,0,"nonbreeding","01-04",0.1592,NA,"Wetlands:  Seasonally Wet Grasslands","Grasslands:  Temperate"
"Alabama","lessca","Lesser Scaup","Aythya affinis",0,0.19,0.88,0.14,"nonbreeding","12-27",1.026,NA,"Wetlands:  Lakes and Rivers","Wetlands:  Freshwater Marsh"
"Alabama","lesyel","Lesser Yellowlegs","Tringa flavipes",0,0.01,0,0.05,"prebreeding_migration","04-05",0.1941,NA,"Wetlands:  Boreal",NA
"Alabama","libher","Little Blue Heron","Egretta caerulea",1.36,1.23,0,0.67,"postbreeding_migration","07-26",2.272,"8 of 19","Wetlands:  Generalist","Coasts:  Saltmarsh"
"Alabama","lobdow","Long-billed Dowitcher","Limnodromus scolopaceus",0,0,0.01,0.01,"nonbreeding","02-01",0.01838,NA,"Wetlands:  Tundra",NA
"Alabama","logshr","Loggerhead Shrike","Lanius ludovicianus",0.18,0.17,0.25,0.18,"nonbreeding","01-04",0.3045,"26 of 31","Grasslands:  Temperate","Aridlands:  Desert Scrub"
"Alabama","louwat","Louisiana Waterthrush","Parkesia motacilla",5.45,2.7,0,5.38,"prebreeding_migration","03-22",9.598,"7 of 34","Wetlands:  Lakes and Rivers","Forests:  Temperate Eastern"
"Alabama","magfri","Magnificent Frigatebird","Fregata magnificens",0.02,0,0,0,"breeding","07-12",0.05175,"5 of 5","Coasts:  Mangroves","Coasts:  Marine Waters"
"Alabama","magwar","Magnolia Warbler","Setophaga magnolia",0,2.46,0,0.13,"postbreeding_migration","10-11",9.22,NA,"Forests:  Boreal","Forests:  Temperate Eastern"
"Alabama","mallar3","Mallard","Anas platyrhynchos",0.02,0.02,0.03,0.02,"breeding","07-05",0.03854,"43 of 48","Wetlands:  Generalist",NA
"Alabama","marwre","Marsh Wren","Cistothorus palustris",0.01,0.16,0.39,0.11,"postbreeding_migration","10-25",0.6915,"38 of 38","Wetlands:  Freshwater Marsh",NA
"Alabama","merlin","Merlin","Falco columbarius",0,0.03,0.15,0,"nonbreeding","01-11",0.4006,NA,"Forests:  Boreal","Open Country:  Habitat Mosaic"
"Alabama","miskit","Mississippi Kite","Ictinia mississippiensis",4.42,0.2,0,0.63,"breeding","07-26",6.705,"8 of 20","Forests:  Temperate Eastern",NA
"Alabama","motduc","Mottled Duck","Anas fulvigula",0.14,0.14,0.14,0.14,"resident","year round resident",NA,"6 of 8","Wetlands:  Freshwater Marsh",NA
"Alabama","moudov","Mourning Dove","Zenaida macroura",1.18,1.31,1.75,1.29,"nonbreeding","01-25",1.984,"21 of 48","Open Country:  Habitat Mosaic","Open Country:  Developed/Disturbed"
"Alabama","naswar","Nashville Warbler","Leiothlypis ruficapilla",0,0.03,0,0.01,"postbreeding_migration","10-18",0.5154,NA,"Forests:  Boreal","Forests:  Temperate Western"
"Alabama","norbob","Northern Bobwhite","Colinus virginianus",1.22,1.22,1.22,1.22,"resident","year round resident",NA,"10 of 24","Open Country:  Habitat Mosaic","Forests:  Tropical Dry"
"Alabama","norcar","Northern Cardinal","Cardinalis cardinalis",4.13,4.13,4.13,4.13,"resident","year round resident",NA,"7 of 40","Open Country:  Habitat Mosaic","Aridlands:  Desert Scrub"
"Alabama","norfli","Northern Flicker","Colaptes auratus",0.29,1.15,1.96,0.69,"nonbreeding","12-27",2.116,"37 of 49","Forests:  Generalist",NA
"Alabama","norhar2","Northern Harrier","Circus hudsonius",0,0.09,0.23,0.04,"postbreeding_migration","11-15",0.2907,NA,"Grasslands:  Temperate","Wetlands:  Freshwater Marsh"
"Alabama","normoc","Northern Mockingbird","Mimus polyglottos",2.75,3.84,3.33,2.89,"postbreeding_migration","10-11",4.614,"9 of 40","Open Country:  Habitat Mosaic",NA
"Alabama","norpar","Northern Parula","Setophaga americana",3.16,4.44,0,5.67,"prebreeding_migration","03-29",12.89,"7 of 30","Forests:  Temperate Eastern","Forests:  Boreal"
"Alabama","norpin","Northern Pintail","Anas acuta",0,0,0.01,0,"nonbreeding","12-20",0.009245,NA,"Wetlands:  Seasonally Wet Grasslands","Wetlands:  Tundra"
"Alabama","norsho","Northern Shoveler","Spatula clypeata",0,0.02,0.03,0.02,"nonbreeding","12-27",0.04294,NA,"Wetlands:  Seasonally Wet Grasslands","Wetlands:  Freshwater Marsh"
"Alabama","norwat","Northern Waterthrush","Parkesia noveboracensis",0,0.1,0,0.04,"prebreeding_migration","04-26",2.331,NA,"Forests:  Boreal","Forests:  Temperate Eastern"
"Alabama","nrwswa","Northern Rough-winged Swallow","Stelgidopteryx serripennis",2.4,2.86,0,1.06,"postbreeding_migration","08-02",5.482,"10 of 48","Open Country Aerial:  Habitat Mosaic","Wetlands Aerial:  Lakes and Rivers"
"Alabama","nstspa","Nelson's Sparrow","Ammospiza nelsoni",0,0.68,1.96,0.01,"postbreeding_migration","10-18",10.45,NA,"Wetlands:  Seasonally Wet Grasslands","Coasts:  Saltmarsh"
"Alabama","orcori","Orchard Oriole","Icterus spurius",2.89,1.17,0,3.46,"prebreeding_migration","04-19",7.053,"13 of 38","Forests:  Temperate Eastern",NA
"Alabama","orcwar","Orange-crowned Warbler","Leiothlypis celata",0,0.2,1.25,0.12,"postbreeding_migration","11-22",1.489,NA,"Forests:  Temperate Western","Forests:  Boreal"
"Alabama","osprey","Osprey","Pandion haliaetus",0.78,0.33,0.13,0.57,"prebreeding_migration","03-29",0.9204,"19 of 46","Wetlands:  Lakes and Rivers","Coasts:  Saltmarsh"
"Alabama","ovenbi1","Ovenbird","Seiurus aurocapilla",0.02,0.17,0,0.1,"postbreeding_migration","10-04",0.8379,"33 of 34","Forests:  Temperate Eastern","Forests:  Boreal"
"Alabama","paibun","Painted Bunting","Passerina ciris",0.01,0,0,0.01,"prebreeding_migration","04-19",0.03152,"13 of 13","Forests:  Temperate Eastern","Forests:  Tropical Dry"
"Alabama","palwar","Palm Warbler","Setophaga palmarum",0,1.52,2.6,3.24,"prebreeding_migration","04-19",14.18,NA,"Wetlands:  Boreal",NA
"Alabama","pecsan","Pectoral Sandpiper","Calidris melanotos",0,0.13,0,0.06,"postbreeding_migration","08-30",0.3094,NA,"Wetlands:  Tundra",NA
"Alabama","perfal","Peregrine Falcon","Falco peregrinus",0,0.01,0.01,0,"postbreeding_migration","10-11",0.04844,NA,"Open Country:  Habitat Mosaic","Open Country:  Developed/Disturbed"
"Alabama","phivir","Philadelphia Vireo","Vireo philadelphicus",0,1,0,0.16,"postbreeding_migration","10-04",15.99,NA,"Forests:  Boreal",NA
"Alabama","pibgre","Pied-billed Grebe","Podilymbus podiceps",0.11,1.76,3.97,1.39,"postbreeding_migration","12-06",5,"27 of 37","Wetlands:  Freshwater Marsh",NA
"Alabama","pilwoo","Pileated Woodpecker","Dryocopus pileatus",3.93,3.93,3.93,3.93,"resident","year round resident",NA,"3 of 40","Forests:  Temperate Generalist",NA
"Alabama","pinsis","Pine Siskin","Spinus pinus",0,0.04,0.04,0,"postbreeding_migration","11-22",0.2105,NA,"Forests:  Boreal","Forests:  Temperate Western"
"Alabama","pinwar","Pine Warbler","Setophaga pinus",7.62,12.54,12.56,10.82,"postbreeding_migration","11-01",14.72,"3 of 32","Forests:  Temperate Eastern",NA
"Alabama","pipplo","Piping Plover","Charadrius melodus",0,0.6,1.31,1.35,"prebreeding_migration","03-15",3.29,NA,"Coasts:  Beach and Estuary","Wetlands:  Lakes and Rivers"
"Alabama","prawar","Prairie Warbler","Setophaga discolor",11.45,4.61,0,13.39,"prebreeding_migration","04-05",25.85,"1 of 29","Forests:  Temperate Eastern",NA
"Alabama","prowar","Prothonotary Warbler","Protonotaria citrea",3.54,2.01,0,3.77,"postbreeding_migration","07-26",5.354,"8 of 27","Wetlands:  Forested","Forests:  Temperate Eastern"
"Alabama","purfin","Purple Finch","Haemorhous purpureus",0,0.92,2.93,0.08,"postbreeding_migration","12-13",4.96,NA,"Forests:  Boreal","Forests:  Temperate Western"
"Alabama","purgal2","Purple Gallinule","Porphyrio martinica",0.05,0.01,0,0.01,"breeding","06-21",0.101,"6 of 9","Wetlands:  Freshwater Marsh",NA
"Alabama","purmar","Purple Martin","Progne subis",3.72,0.41,0,0.12,"prebreeding_migration","03-29",6.593,"8 of 40","Open Country Aerial:  Habitat Mosaic","Wetlands Aerial:  Lakes and Rivers"
"Alabama","rebmer","Red-breasted Merganser","Mergus serrator",0,0.01,0.11,0.05,"prebreeding_migration","02-15",0.212,NA,"Wetlands:  Tundra","Wetlands:  Boreal"
"Alabama","rebnut","Red-breasted Nuthatch","Sitta canadensis",0,0.03,0.01,0,"postbreeding_migration","10-11",0.1157,NA,"Forests:  Boreal","Forests:  Temperate Western"
"Alabama","rebwoo","Red-bellied Woodpecker","Melanerpes carolinus",5.1,5.1,5.1,5.1,"resident","year round resident",NA,"7 of 38","Forests:  Temperate Eastern",NA
"Alabama","recwoo","Red-cockaded Woodpecker","Dryobates borealis",4.26,4.26,4.26,4.26,"resident","year round resident",NA,"8 of 11","Forests:  Temperate Eastern",NA
"Alabama","redegr","Reddish Egret","Egretta rufescens",0.08,0.08,0.08,0.08,"resident","year round resident",NA,"5 of 8","Coasts:  Mangroves","Coasts:  Beach and Estuary"
"Alabama","redhea","Redhead","Aythya americana",0,0.04,0.11,0.08,"prebreeding_migration","02-08",0.2079,NA,"Wetlands:  Seasonally Wet Grasslands","Wetlands:  Freshwater Marsh"
"Alabama","reevir1","Red-eyed Vireo","Vireo olivaceus",1.11,1.6,0,3.43,"prebreeding_migration","04-12",12.23,"15 of 42","Forests:  Temperate Generalist",NA
"Alabama","rehwoo","Red-headed Woodpecker","Melanerpes erythrocephalus",3.81,5.23,7.55,4.29,"nonbreeding","04-05",9.908,"11 of 35","Forests:  Temperate Eastern",NA
"Alabama","reshaw","Red-shouldered Hawk","Buteo lineatus",5.25,5.72,5.84,5.39,"nonbreeding","01-04",6.425,"6 of 38","Forests:  Temperate Eastern","Forests:  Temperate Western"
"Alabama","rethaw","Red-tailed Hawk","Buteo jamaicensis",0.64,0.71,1.06,0.75,"nonbreeding","02-22",1.157,"35 of 49","Open Country:  Habitat Mosaic",NA
"Alabama","rewbla","Red-winged Blackbird","Agelaius phoeniceus",0.28,0.7,1.78,0.86,"prebreeding_migration","02-08",2.334,"40 of 48","Open Country:  Habitat Mosaic","Wetlands:  Freshwater Marsh"
"Alabama","ribgul","Ring-billed Gull","Larus delawarensis",0.01,0.35,1.88,0.24,"nonbreeding","01-11",2.719,"42 of 42","Wetlands:  Generalist",NA
"Alabama","rinduc","Ring-necked Duck","Aythya collaris",0,0.4,1.29,0.25,"prebreeding_migration","02-15",1.558,NA,"Wetlands:  Boreal",NA
"Alabama","robgro","Rose-breasted Grosbeak","Pheucticus ludovicianus",0,2.66,0,0.91,"postbreeding_migration","10-11",16.07,NA,"Forests:  Temperate Eastern",NA
"Alabama","royter1","Royal Tern","Thalasseus maximus",2.29,1.73,0.68,1.28,"postbreeding_migration","08-23",3.062,"7 of 13","Coasts:  Beach and Estuary","Coasts:  Marine Waters"
"Alabama","rthhum","Ruby-throated Hummingbird","Archilochus colubris",5.01,5.23,0,3.66,"prebreeding_migration","04-12",9.753,"3 of 37","Forests:  Temperate Eastern",NA
"Alabama","ruckin","Ruby-crowned Kinglet","Corthylio calendula",0,1.51,4.06,0.93,"prebreeding_migration","03-22",4.691,NA,"Forests:  Boreal","Forests:  Temperate Western"
"Alabama","rudduc","Ruddy Duck","Oxyura jamaicensis",0.01,0.17,0.66,0.28,"nonbreeding","01-04",0.9373,"25 of 25","Wetlands:  Seasonally Wet Grasslands","Wetlands:  Freshwater Marsh"
"Alabama","rudtur","Ruddy Turnstone","Arenaria interpres",0.14,0.12,0.11,0.15,"prebreeding_migration","05-17",0.3116,"10 of 19","Coasts:  Tundra","Wetlands:  Tundra"
"Alabama","rusbla","Rusty Blackbird","Euphagus carolinus",0,0.24,3.6,0.21,"postbreeding_migration","12-06",6.58,NA,"Wetlands:  Boreal",NA
"Alabama","sancra","Sandhill Crane","Antigone canadensis",0,0.02,0.21,0.01,"nonbreeding","12-20",0.3366,NA,"Wetlands:  Generalist",NA
"Alabama","sander","Sanderling","Calidris alba",0.59,0.54,0.62,0.47,"prebreeding_migration","05-03",0.9513,"6 of 17","Tundra:  Arctic","Wetlands:  Tundra"
"Alabama","santer1","Sandwich Tern","Thalasseus sandvicensis",2.72,2.17,0,0.22,"postbreeding_migration","07-26",7.712,"4 of 9","Coasts:  Beach and Estuary","Coasts:  Marine Waters"
"Alabama","savspa","Savannah Sparrow","Passerculus sandwichensis",0,0.26,1.46,0.21,"postbreeding_migration","11-22",1.7,NA,"Grasslands:  Temperate","Tundra:  Arctic"
"Alabama","scatan","Scarlet Tanager","Piranga olivacea",1.47,4.44,0,3.2,"postbreeding_migration","10-11",13.98,"20 of 34","Forests:  Temperate Eastern",NA
"Alabama","sctfly","Scissor-tailed Flycatcher","Tyrannus forficatus",0.02,0,0,0,"breeding","07-26",0.02578,"10 of 11","Grasslands:  Temperate",NA
"Alabama","seaspa","Seaside Sparrow","Ammospiza maritima",0.73,1.23,1.49,1.21,"nonbreeding","01-18",2.887,"10 of 16","Coasts:  Saltmarsh",NA
"Alabama","sedwre1","Sedge Wren","Cistothorus stellaris",0,0.41,2.81,0.12,"nonbreeding","03-01",6.747,NA,"Grasslands:  Temperate","Wetlands:  Seasonally Wet Grasslands"
"Alabama","semplo","Semipalmated Plover","Charadrius semipalmatus",0.04,0.07,0.24,0.09,"prebreeding_migration","03-29",0.9088,"10 of 11","Coasts:  Beach and Estuary","Tundra:  Arctic"
"Alabama","semsan","Semipalmated Sandpiper","Calidris pusilla",0.01,0,0,0.09,"prebreeding_migration","05-17",0.5397,"15 of 15","Wetlands:  Tundra",NA
"Alabama","shbdow","Short-billed Dowitcher","Limnodromus griseus",0.2,0.37,0.36,0.55,"prebreeding_migration","04-19",1.553,"10 of 20","Wetlands:  Boreal",NA
"Alabama","shshaw","Sharp-shinned Hawk","Accipiter striatus",0,0.26,0.66,0.14,"nonbreeding","02-22",2.546,NA,"Forests:  Temperate Generalist",NA
"Alabama","snoegr","Snowy Egret","Egretta thula",0.06,0.08,0.02,0.03,"postbreeding_migration","08-30",0.1571,"16 of 32","Wetlands:  Generalist","Coasts:  Saltmarsh"
"Alabama","snoplo5","Snowy Plover","Anarhynchus nivosus",0.31,0.62,0.26,0.26,"postbreeding_migration","09-27",0.9167,"12 of 13","Coasts:  Beach and Estuary","Wetlands:  Lakes and Rivers"
"Alabama","solsan","Solitary Sandpiper","Tringa solitaria",0,0.02,0,0.1,"prebreeding_migration","04-26",1.297,NA,"Wetlands:  Boreal",NA
"Alabama","sonspa","Song Sparrow","Melospiza melodia",0.04,1.13,2.86,0.5,"postbreeding_migration","11-08",3.152,"41 of 43","Open Country:  Habitat Mosaic",NA
"Alabama","sora","Sora","Porzana carolina",0,0.02,0.11,0.05,"prebreeding_migration","04-05",1.276,NA,"Wetlands:  Freshwater Marsh",NA
"Alabama","sposan","Spotted Sandpiper","Actitis macularius",0,0.02,0,0.06,"prebreeding_migration","04-26",0.4062,NA,"Wetlands:  Generalist",NA
"Alabama","stisan","Stilt Sandpiper","Calidris himantopus",0,0.01,0,0,"prebreeding_migration","04-26",0.03654,NA,"Wetlands:  Tundra","Tundra:  Arctic"
"Alabama","sumtan","Summer Tanager","Piranga rubra",5.53,5.24,0,4.78,"postbreeding_migration","09-06",8.623,"5 of 30","Forests:  Temperate Eastern",NA
"Alabama","swaspa","Swamp Sparrow","Melospiza georgiana",0,3.38,6.33,1.09,"nonbreeding","01-04",7.199,NA,"Wetlands:  Boreal","Wetlands:  Freshwater Marsh"
"Alabama","swathr","Swainson's Thrush","Catharus ustulatus",0,1.4,0,0.04,"postbreeding_migration","10-04",5.902,NA,"Forests:  Boreal","Forests:  Temperate Western"
"Alabama","swawar","Swainson's Warbler","Limnothlypis swainsonii",20.16,3.58,0,31.14,"prebreeding_migration","04-12",45.47,"1 of 16","Forests:  Temperate Eastern",NA
"Alabama","swtkit","Swallow-tailed Kite","Elanoides forficatus",0.1,0.19,0,0.02,"postbreeding_migration","07-19",1.426,"6 of 8","Forests:  Temperate Eastern","Forests:  Tropical Montane Evergreen"
"Alabama","tenwar","Tennessee Warbler","Leiothlypis peregrina",0,1.11,0,0.2,"postbreeding_migration","10-11",8.978,NA,"Forests:  Boreal",NA
"Alabama","treswa","Tree Swallow","Tachycineta bicolor",0.04,0.02,0.73,0.29,"nonbreeding","01-04",1.132,"42 of 47","Wetlands Aerial:  Generalist",NA
"Alabama","triher","Tricolored Heron","Egretta tricolor",0.09,0.12,0.03,0.06,"postbreeding_migration","06-21",0.2398,"10 of 11","Wetlands:  Generalist","Coasts:  Saltmarsh"
"Alabama","tuftit","Tufted Titmouse","Baeolophus bicolor",6.57,6.57,6.57,6.57,"resident","year round resident",NA,"3 of 35","Forests:  Temperate Eastern",NA
"Alabama","turvul","Turkey Vulture","Cathartes aura",0.52,0.55,1.24,0.68,"nonbreeding","01-04",1.318,"29 of 48","Open Country:  Habitat Mosaic",NA
"Alabama","veery","Veery","Catharus fuscescens",0,2.89,0,0.22,"prebreeding_migration","04-12",63.46,NA,"Forests:  Temperate Eastern","Forests:  Temperate Western"
"Alabama","vesspa","Vesper Sparrow","Pooecetes gramineus",0,0.1,0.28,0.05,"postbreeding_migration","11-08",0.5753,NA,"Grasslands:  Temperate",NA
"Alabama","virrai","Virginia Rail","Rallus limicola",0,0.1,0.13,0.03,"nonbreeding","11-29",0.4707,NA,"Wetlands:  Freshwater Marsh",NA
"Alabama","wessan","Western Sandpiper","Calidris mauri",0,0.26,0.19,0.04,"postbreeding_migration","08-30",0.7032,NA,"Wetlands:  Tundra",NA
"Alabama","whbnut","White-breasted Nuthatch","Sitta carolinensis",1.14,1.14,1.14,1.14,"resident","year round resident",NA,"24 of 48","Forests:  Temperate Eastern","Forests:  Temperate Western"
"Alabama","whcspa","White-crowned Sparrow","Zonotrichia leucophrys",0,0.01,0.01,0,"postbreeding_migration","11-15",0.02734,NA,"Tundra:  Arctic","Forests:  Boreal"
"Alabama","whevir","White-eyed Vireo","Vireo griseus",7.95,8.57,0.79,7.75,"postbreeding_migration","09-27",11.14,"4 of 26","Forests:  Temperate Eastern","Forests:  Tropical Dry"
"Alabama","whiibi","White Ibis","Eudocimus albus",0.97,0.21,0.02,0.24,"breeding","06-14",1.423,"9 of 12","Wetlands:  Generalist","Coasts:  Mangroves"
"Alabama","whimbr","Whimbrel","Numenius phaeopus",0,0,0,0.01,"prebreeding_migration","05-03",0.02329,NA,"Tundra:  Arctic","Wetlands:  Boreal"
"Alabama","whocra","Whooping Crane","Grus americana",0,0,0.46,0,"nonbreeding","01-18",0.8266,NA,"Wetlands:  Boreal","Wetlands:  Freshwater Marsh"
"Alabama","whrsan","White-rumped Sandpiper","Calidris fuscicollis",0,0,0,0.02,"prebreeding_migration","05-10",0.07239,NA,"Wetlands:  Tundra",NA
"Alabama","whtspa","White-throated Sparrow","Zonotrichia albicollis",0,1.2,3.35,0.62,"nonbreeding","03-08",3.682,NA,"Forests:  Boreal",NA
"Alabama","willet1","Willet","Tringa semipalmata",0.19,0.5,0.27,0.26,"postbreeding_migration","09-13",0.6802,"24 of 30","Wetlands:  Seasonally Wet Grasslands","Coasts:  Saltmarsh"
"Alabama","wilplo","Wilson's Plover","Anarhynchus wilsonia",1.19,0.13,0,0.08,"breeding","07-05",3.129,"7 of 8","Coasts:  Beach and Estuary",NA
"Alabama","wilsni1","Wilson's Snipe","Gallinago delicata",0,0.25,1.42,0.08,"prebreeding_migration","02-08",2.033,NA,"Wetlands:  Generalist",NA
"Alabama","wiltur","Wild Turkey","Meleagris gallopavo",1.07,1.07,1.07,1.07,"resident","year round resident",NA,"30 of 49","Forests:  Temperate Generalist",NA
"Alabama","winwre3","Winter Wren","Troglodytes hiemalis",0,2.51,6.92,0.25,"nonbreeding","02-01",8.175,NA,"Forests:  Boreal","Forests:  Temperate Eastern"
"Alabama","woewar1","Worm-eating Warbler","Helmitheros vermivorum",4.26,5.78,0,7.16,"prebreeding_migration","04-12",20.26,"8 of 26","Forests:  Temperate Eastern",NA
"Alabama","wooduc","Wood Duck","Aix sponsa",1.09,2.31,7.58,3.27,"postbreeding_migration","12-06",10.63,"28 of 48","Wetlands:  Forested","Forests:  Temperate Eastern"
"Alabama","woosto","Wood Stork","Mycteria americana",0.52,0.16,0,0.09,"breeding","08-30",1.013,"6 of 10","Wetlands:  Forested","Wetlands:  Freshwater Marsh"
"Alabama","woothr","Wood Thrush","Hylocichla mustelina",4.19,9.78,0,4.86,"postbreeding_migration","10-11",27.43,"9 of 36","Forests:  Temperate Eastern",NA
"Alabama","y00475","American Coot","Fulica americana",0,0.77,1.86,0.7,"nonbreeding","12-20",3.103,NA,"Wetlands:  Freshwater Marsh",NA
"Alabama","ycnher","Yellow-crowned Night Heron","Nyctanassa violacea",0.4,0.37,0,0.09,"postbreeding_migration","07-26",0.7276,"6 of 22","Wetlands:  Generalist","Coasts:  Mangroves"
"Alabama","yebcha","Yellow-breasted Chat","Icteria virens",3.93,1.49,0,5.65,"prebreeding_migration","04-26",7.697,"9 of 38","Forests:  Temperate Eastern","Forests:  Temperate Western"
"Alabama","yebcuc","Yellow-billed Cuckoo","Coccyzus americanus",3.37,4.69,0,3.55,"postbreeding_migration","10-04",10.5,"10 of 40","Forests:  Temperate Eastern",NA
"Alabama","yebfly","Yellow-bellied Flycatcher","Empidonax flaviventris",0,0.01,0,0,"postbreeding_migration","09-27",0.1977,NA,"Forests:  Boreal",NA
"Alabama","yebsap","Yellow-bellied Sapsucker","Sphyrapicus varius",0,3.43,7.07,0.56,"postbreeding_migration","10-18",8.891,NA,"Forests:  Boreal","Forests:  Temperate Eastern"
"Alabama","yelwar","Yellow Warbler","Setophaga petechia",0,0.09,0,0.04,"prebreeding_migration","04-26",1.074,NA,"Forests:  Temperate Generalist","Wetlands:  Generalist"
"Alabama","yerwar","Yellow-rumped Warbler","Setophaga coronata",0,0.84,4.33,0.93,"nonbreeding","02-01",4.62,NA,"Forests:  Boreal","Forests:  Temperate Western"
"Alabama","yetvir","Yellow-throated Vireo","Vireo flavifrons",6.72,6.8,0,7.92,"prebreeding_migration","03-29",13.81,"1 of 37","Forests:  Temperate Eastern",NA
"Alabama","yetwar","Yellow-throated Warbler","Setophaga dominica",5.73,2.73,0,6.75,"prebreeding_migration","03-22",11.77,"8 of 24","Forests:  Temperate Eastern",NA
